rule,weight
fast_geo_change,0.10810810810810811
fast_geo_change_online,0.1891891891891892
new_ip_and_device_high_amount,0.21621621621621623
new_device_and_high_amount,0.16216216216216217
high_amount_to_stranger,0.13513513513513514
trans_freq_increase,0.1891891891891892
